<?xml version="1.0" encoding="UTF-8"?>
<project-private xmlns="http://www.netbeans.org/ns/project-private/1">
    <editor-bookmarks xmlns="http://www.netbeans.org/ns/editor-bookmarks/2" lastBookmarkId="0"/>
    <open-files xmlns="http://www.netbeans.org/ns/projectui-open-files/2">
        <group>
            <file>file:/F:/JavaLict/BussManegement/src/bus/management/UserLogin.java</file>
            <file>file:/F:/JavaLict/BussManegement/src/bus/management/NewUser.java</file>
            <file>file:/F:/JavaLict/BussManegement/src/bus/management/UserControlPannel.java</file>
            <file>file:/F:/JavaLict/BussManegement/src/bus/management/AdminLogin.java</file>
            <file>file:/F:/JavaLict/BussManegement/src/bus/management/Busmanagement.java</file>
            <file>file:/F:/JavaLict/BussManegement/src/bus/management/MainScreen.java</file>
        </group>
    </open-files>
</project-private>
